{"cameraMode":{"drawMode":0,"name":"Shaded","section":"Shading Mode"},"sceneLighting":true,"audioPlay":false,"sceneViewState":{"m_AlwaysRefresh":false,"showFog":true,"showSkybox":true,"showFlares":true,"showImageEffects":true,"showParticleSystems":true,"showVisualEffectGraphs":true,"m_FxEnabled":true},"in2DMode":false,"pivot":{"x":21.699989318847658,"y":7.529999732971191,"z":10.039999008178711},"rotation":{"x":0.12378129363059998,"y":-0.3643970489501953,"z":0.048938069492578509,"w":0.9216841459274292},"size":27.950849533081056,"orthographic":true}