{"cameraMode":{"drawMode":0,"name":"Shaded","section":"Shading Mode"},"sceneLighting":false,"audioPlay":false,"sceneViewState":{"m_AlwaysRefresh":false,"showFog":true,"showSkybox":false,"showFlares":true,"showImageEffects":true,"showParticleSystems":true,"showVisualEffectGraphs":true,"m_FxEnabled":true},"in2DMode":false,"pivot":{"x":3.6780381202697756,"y":1.782778263092041,"z":0.06567344069480896},"rotation":{"x":0.01068583969026804,"y":-0.8978220224380493,"z":0.43969038128852847,"w":0.021817060187458993},"size":3.0381743907928469,"orthographic":true}